[
  {
    "value": "software testing",
    "synonyms": [
      "software testing",
      "Software Testing",
      "testing"
    ]
  },
  {
    "value": "software development",
    "synonyms": [
      "software development",
      "Software Development",
      "development"
    ]
  },
  {
    "value": "web development",
    "synonyms": [
      "web development",
      "Web Development"
    ]
  },
  {
    "value": "web designing",
    "synonyms": [
      "web designing",
      "Web Designing"
    ]
  },
  {
    "value": "technical support",
    "synonyms": [
      "technical support",
      "Technical Support",
      "tech support",
      "support"
    ]
  }
]