[
  {
    "id": "f81b4dcb-6b5c-4cbd-a89a-6dfabbbb7766",
    "data": [
      {
        "text": "i don\u0027t know this skills",
        "userDefined": false
      }
    ],
    "isTemplate": false,
    "count": 1,
    "updated": 1501654356
  },
  {
    "id": "ca4d9a14-291d-479d-ae93-538875086af8",
    "data": [
      {
        "text": "i don\u0027t have this skills",
        "userDefined": false
      }
    ],
    "isTemplate": false,
    "count": 0,
    "updated": 1501654356
  },
  {
    "id": "6c611768-17e2-44db-901c-e1cf60c9d7cc",
    "data": [
      {
        "text": "no",
        "userDefined": false
      }
    ],
    "isTemplate": false,
    "count": 0,
    "updated": 1501654356
  }
]