[
  {
    "id": "cfaa90de-d3f2-4f8b-ab8c-9e047ed37db8",
    "data": [
      {
        "text": "no",
        "userDefined": false
      }
    ],
    "isTemplate": false,
    "count": 0,
    "updated": 1501657143
  },
  {
    "id": "40d4ed66-8df2-4688-87a3-619d9c9e7703",
    "data": [
      {
        "text": "yes",
        "userDefined": false
      }
    ],
    "isTemplate": false,
    "count": 0,
    "updated": 1501657143
  },
  {
    "id": "f811fdd7-b55c-4a33-9b43-596f2f0a3b60",
    "data": [
      {
        "text": "I am looking for a job",
        "userDefined": false
      }
    ],
    "isTemplate": false,
    "count": 0,
    "updated": 0
  },
  {
    "id": "f83e53d3-29ae-44fc-a7af-65d836d93b07",
    "data": [
      {
        "text": "i am searching for a job",
        "userDefined": false
      }
    ],
    "isTemplate": false,
    "count": 0,
    "updated": 0
  },
  {
    "id": "6c0ebf8b-3712-4eed-a600-073d97990921",
    "data": [
      {
        "text": "i need a job",
        "userDefined": false
      }
    ],
    "isTemplate": false,
    "count": 0,
    "updated": 0
  }
]