[
  {
    "id": "05546789-41c7-4d9d-9e75-ee67b1a9662d",
    "data": [
      {
        "text": "ISO 9001",
        "userDefined": false
      }
    ],
    "isTemplate": false,
    "count": 0,
    "updated": 1501656803
  },
  {
    "id": "5a3ad422-5ab7-425f-962a-f52bc246f992",
    "data": [
      {
        "text": "selenium",
        "userDefined": false
      }
    ],
    "isTemplate": false,
    "count": 0,
    "updated": 1501656803
  },
  {
    "id": "b503c0b1-ffb8-40e0-bf12-fd7c7cb6ea68",
    "data": [
      {
        "text": "yes i have this skills",
        "userDefined": false
      }
    ],
    "isTemplate": false,
    "count": 0,
    "updated": 0
  },
  {
    "id": "14e421e4-6227-4da3-8175-52a56da01163",
    "data": [
      {
        "text": "yes i know this skills",
        "userDefined": false
      }
    ],
    "isTemplate": false,
    "count": 0,
    "updated": 0
  },
  {
    "id": "89d4894e-9fa8-4321-8a5d-6007d9520210",
    "data": [
      {
        "text": "yes",
        "userDefined": false
      }
    ],
    "isTemplate": false,
    "count": 0,
    "updated": 0
  }
]