[
  {
    "id": "557098b5-fda1-4339-9374-08efc379df88",
    "data": [
      {
        "text": "year",
        "userDefined": false
      }
    ],
    "isTemplate": false,
    "count": 0,
    "updated": 1501665296
  },
  {
    "id": "179650ee-b789-409c-bd8e-c824d3302cf6",
    "data": [
      {
        "text": "years",
        "userDefined": false
      }
    ],
    "isTemplate": false,
    "count": 0,
    "updated": 0
  },
  {
    "id": "c3d0b937-ced4-4bb7-908a-d923dfee73a7",
    "data": [
      {
        "text": "i have experience",
        "userDefined": false
      }
    ],
    "isTemplate": false,
    "count": 0,
    "updated": 0
  },
  {
    "id": "9410d640-0637-4db9-938b-c29793c56c8a",
    "data": [
      {
        "text": "yes",
        "userDefined": false
      }
    ],
    "isTemplate": false,
    "count": 0,
    "updated": 0
  }
]